#X,Y,E,Xfit,Yfit
7.0
0.0,14.071394190696028,0.5,0.0,13.888869123796987
0.1,13.232088362823612,0.5,0.04008016032064128,13.676082742383928
0.2,13.359202556534743,0.5,0.08016032064128256,13.459847213514266
0.30000000000000004,12.81924941688256,0.5,0.12024048096192384,13.240294652659813
0.4,10.964701669659199,0.5,0.16032064128256512,13.01755709520672
0.5,10.766711167815652,0.5,0.2004008016032064,12.791766440676625
0.6000000000000001,9.705471636913217,0.5,0.24048096192384769,12.563054397641174
0.7000000000000001,10.21542761477423,0.5,0.280561122244489,12.331552429345814
0.8,9.329081969200852,0.5,0.32064128256513025,12.097391700058008
0.9,7.47672735145786,0.5,0.3607214428857715,11.860703022154727
1.0,8.642632454428075,0.5,0.4008016032064128,11.621616803963494
1.1,6.471076790443636,0.5,0.4408817635270541,11.380262998370803
1.2000000000000002,6.859745367066807,0.5,0.48096192384769537,11.13677105221122
1.3,6.362285854775128,0.5,0.5210420841683366,10.891269856450085
1.4000000000000001,4.719738626384359,0.5,0.561122244488978,10.643887697172017
1.5,4.447193105570105,0.5,0.6012024048096192,10.394752207387274
1.6,3.8407265677956026,0.5,0.6412825651302605,10.143990319667193
1.7000000000000002,2.412009275452687,0.5,0.6813627254509018,9.891728219619715
1.8,2.8582150485477023,0.5,0.721442885771543,9.638091300215319
1.9000000000000001,2.235317530624246,0.5,0.7615230460921844,9.383204116973392
2.0,2.3204596533044253,0.5,0.8016032064128256,9.127190344018343
2.1,0.7855272250782863,0.5,0.8416833667334669,8.870172731014598
2.2,0.1606141856285354,0.5,0.8817635270541082,8.612273060988777
2.3000000000000003,-0.9334766962800135,0.5,0.9218436873747494,8.353612109047223
2.4000000000000004,-1.5880786154534667,0.5,0.9619238476953907,8.094309601996285
2.5,-1.7245659054500864,0.5,1.002004008016032,7.834484178872518
2.6,-0.6327371994911395,0.5,1.0420841683366733,7.574253352389284
2.7,-1.3709385647189394,0.5,1.0821643286573146,7.313733471305975
2.8000000000000003,-2.4084036588873943,0.5,1.122244488977956,7.053039683725439
2.9000000000000004,-2.88859209926572,0.5,1.1623246492985972,6.792285901324824
3.0,-4.2229513874116735,0.5,1.2024048096192383,6.53158476452456
3.1,-4.1579678142953425,0.5,1.2424849699398797,6.2710476085997575
3.2,-3.620300626158418,0.5,1.282565130260521,6.010784430737889
3.3000000000000003,-4.750757310179145,0.5,1.3226452905811623,5.750903858046015
3.4000000000000004,-4.316000039701956,0.5,1.3627254509018036,5.4915131165105695
3.5,-6.183972681095,0.5,1.4028056112224447,5.232718000912166
3.6,-6.128649580255205,0.5,1.442885771543086,4.974622845697468
3.7,-5.2265571269639475,0.5,1.4829659318637274,4.7173304968097085
3.8000000000000003,-5.487121212467044,0.5,1.5230460921843687,4.460942284479045
3.9000000000000004,-6.693557391820687,0.5,1.56312625250501,4.205557996973544
4.0,-6.395704179107497,0.5,1.6032064128256511,3.9512758553111067
4.1000000000000005,-7.421439306392834,0.5,1.6432865731462925,3.698192488932174
4.2,-7.111642628943397,0.5,1.6833667334669338,3.4464029123328888
4.3,-7.679914270045103,0.5,1.723446893787575,3.1960005026576055
4.4,-6.531854657911296,0.5,1.7635270541082164,2.947076978249638
4.5,-8.054112944895358,0.5,1.8036072144288577,2.6997223781583988
4.6000000000000005,-7.832058122152983,0.5,1.8436873747494988,2.454025042600902
4.7,-6.222733252267451,0.5,1.8837675350701402,2.210071594375167
4.800000000000001,-7.983305658510861,0.5,1.9238476953907815,1.9679469212226455
4.9,-6.898015338991344,0.5,1.9639278557114228,1.727734159136391
5.0,-8.028544296245553,0.5,2.004008016032064,1.489514676611486
5.1000000000000005,-7.550992917861709,0.5,2.0440881763527052,1.2533680598336117
5.2,-7.296759422774566,0.5,2.0841683366733466,1.019372098801597
5.300000000000001,-7.502585708438766,0.5,2.124248496993988,0.7876027743791079
5.4,-6.055486649303894,0.5,2.164328657314629,0.5581342462706184
5.5,-7.470753994463321,0.5,2.2044088176352705,0.3310388419161445
5.6000000000000005,-7.156313415572197,0.5,2.244488977955912,0.10638704629919965
5.7,-7.096235947973824,0.5,2.284569138276553,-0.11575250733817459
5.800000000000001,-6.576559800841497,0.5,2.3246492985971945,-0.33531304587958677
5.9,-5.305352539257287,0.5,2.3647294589178354,-0.5522296638243277
6.0,-6.3082128550185494,0.5,2.4048096192384767,-0.766439329890235
6.1000000000000005,-6.821346882268122,0.5,2.444889779559118,-0.977880892736705
6.2,-5.368328380303265,0.5,2.4849699398797593,-1.1864950858153256
6.300000000000001,-4.945656830459593,0.5,2.5250501002004007,-1.3922245313560297
6.4,-4.823945373508232,0.5,2.565130260521042,-1.5950137434969147
6.5,-5.163022502575876,0.5,2.6052104208416833,-1.7948091305661122
6.6000000000000005,-5.479382430179789,0.5,2.6452905811623246,-1.9915589965243727
6.7,-5.4931741410857775,0.5,2.685370741482966,-2.1852135415773106
6.800000000000001,-4.076518615537857,0.5,2.7254509018036073,-2.3757248619665248
6.9,-4.901787092698592,0.5,2.7655310621242486,-2.5630469489490264
7.0,-2.9206239417907573,0.5,2.8056112224448895,-2.7471356869745853
7.1000000000000005,-4.5815486034815125,0.5,2.845691382765531,-2.9279488510710454
7.2,-3.2418000083056393,0.5,2.885771543086172,-3.1054461034475977
7.300000000000001,-2.885507807085146,0.5,2.9258517034068134,-3.2795889893265153
7.4,-2.7334774436534115,0.5,2.9659318637274548,-3.4503409320138068
7.5,-2.8519728588655116,0.5,3.006012024048096,-3.617667227219643
7.6000000000000005,-3.136637535885388,0.5,3.0460921843687374,-3.78153503663951
7.7,-2.3954143214390093,0.5,3.0861723446893787,-3.9419133808072933
7.800000000000001,-1.5419056791642547,0.5,3.12625250501002,-4.098773131231586
7.9,-2.3805563835475536,0.5,3.1663326653306614,-4.252087001826818
8.0,-1.9962326290058572,0.5,3.2064128256513023,-4.401829539650901
8.1,-0.37831216931683875,0.5,3.2464929859719436,-4.547977114961272
8.200000000000001,-0.5217459004916086,0.5,3.286573146292585,-4.690507910601297
8.3,-0.0581604768941425,0.5,3.3266533066132262,-4.829401910729323
8.4,-0.7753046013275107,0.5,3.3667334669338675,-4.964640888902644
8.5,0.6375039985598591,0.5,3.406813627254509,-5.096208395528804
8.6,-0.20180859434297985,0.5,3.44689378757515,-5.224089744696944
8.700000000000001,-0.6268974536201963,0.5,3.4869739478957915,-5.34827200040176
8.8,0.8712625338424609,0.5,3.527054108216433,-5.468743962173023
8.9,0.5436964654802767,0.5,3.567134268537074,-5.585496150123561
9.0,0.750360363682489,0.5,3.6072144288577155,-5.698520789428697
9.1,0.4811754826646979,0.5,3.6472945891783564,-5.807811794250347
9.200000000000001,0.4683226553647051,0.5,3.6873747494989977,-5.913364751118978
9.3,2.2239842150216806,0.5,3.727454909819639,-6.015176901786727
9.4,2.5564231557695045,0.5,3.7675350701402803,-6.113247125565064
9.5,1.882730783236173,0.5,3.8076152304609217,-6.207575921160472
9.600000000000001,2.6607625033804227,0.5,3.847695390781563,-6.298165388021637
9.700000000000001,2.4580042059645253,0.5,3.8877755511022043,-6.385019207211733
9.8,2.41699408329753,0.5,3.9278557114228456,-6.4681426218193945
9.9,1.7358861353178785,0.5,3.967935871743487,-6.547542416922098
10.0,3.1227503789969946,0.5,4.008016032064128,-6.623226899115575
10.100000000000001,2.421812353567836,0.5,4.04809619238477,-6.695205875623067
10.200000000000001,2.7588273259920446,0.5,4.0881763527054105,-6.763490632998097
10.3,2.574867998843471,0.5,4.128256513026052,-6.82809391543459
10.4,1.9501978629867356,0.5,4.168336673346693,-6.889029902698111
10.5,2.7692583922443434,0.5,4.208416833667335,-6.946314187691992
10.600000000000001,3.2544061591400038,0.5,4.248496993987976,-6.999963753672143
10.700000000000001,1.8915600165343311,0.5,4.288577154308617,-7.0499969511243465
10.8,2.0757716090513982,0.5,4.328657314629258,-7.096433474317823
10.9,2.6699955722967332,0.5,4.368737474949899,-7.139294337548726
11.0,3.3865264467841527,0.5,4.408817635270541,-7.178601851087433
11.100000000000001,2.3429372552966203,0.5,4.448897795591182,-7.214379596843232
11.200000000000001,2.916792485927687,0.5,4.488977955911824,-7.246652403760103
11.3,3.6182321656908787,0.5,4.529058116232465,-7.275446322957227
11.4,3.0329331456141286,0.5,4.569138276553106,-7.300788602627807
11.5,2.8011947478943733,0.5,4.609218436873747,-7.322707662709683
11.600000000000001,2.8385940001131784,0.5,4.649298597194389,-7.3412330693412855
11.700000000000001,2.3415756583964287,0.5,4.68937875751503,-7.356395509116299
11.8,3.5391177770929776,0.5,4.729458917835671,-7.3682267631503615
11.9,2.1290920989773037,0.5,4.7695390781563125,-7.3767596809731355
12.0,3.6098119870579564,0.5,4.809619238476953,-7.382028154258889
12.100000000000001,2.9225263431953463,0.5,4.849699398797595,-7.384067090408745
12.200000000000001,2.5987259250089725,0.5,4.889779559118236,-7.382912385997595
12.3,3.004285555731169,0.5,4.929859719438878,-7.378600900098658
12.4,1.6076508482964744,0.5,4.969939879759519,-7.371170427498504
12.5,3.1309796169246598,0.5,5.01002004008016,-7.360659671815287
12.600000000000001,1.6934343492667516,0.5,5.050100200400801,-7.347108218532867
12.700000000000001,2.835273990991099,0.5,5.090180360721443,-7.3305565079633
12.8,3.052363483945536,0.5,5.130260521042084,-7.311045808150186
12.9,2.56941102547058,0.5,5.170340681362725,-7.288618187725115
13.0,1.1162565567341987,0.5,5.210420841683367,-7.2633164887294575
13.100000000000001,1.8539987353264986,0.5,5.2505010020040075,-7.235184299413529
13.200000000000001,2.497371053135565,0.5,5.290581162324649,-7.204265927025072
13.3,2.0196775560714775,0.5,5.33066132264529,-7.1706063705988825
13.4,1.3971593234180468,0.5,5.370741482965932,-7.1342512937591955
13.5,1.1440624056817374,0.5,5.410821643286573,-7.095246997546442
13.600000000000001,1.9226939434701202,0.5,5.4509018036072145,-7.0536403932796885
13.700000000000001,1.7820763785175258,0.5,5.490981963927855,-7.00947897546606
13.8,1.720579882304482,0.5,5.531062124248497,-6.962810794768214
13.9,1.3496938248033266,0.5,5.571142284569138,-6.913684431040824
14.0,0.2330985026943848,0.5,5.611222444889779,-6.862148966446858
14.100000000000001,0.7937897673581912,0.5,5.651302605210421,-6.808253958664282
14.200000000000001,-0.3019647301189027,0.5,5.691382765531062,-6.752049414193687
14.3,0.5363441930243489,0.5,5.731462925851703,-6.693585761777108
14.4,-0.30433658841798295,0.5,5.771543086172344,-6.632913825938231
14.5,0.609179211642398,0.5,5.811623246492986,-6.570084800653919
14.600000000000001,-0.42732996697521586,0.5,5.851703406813627,-6.5051502231669165
14.700000000000001,0.5658927487203647,0.5,5.891783567134269,-6.43816194794931
14.8,-0.575739528305603,0.5,5.9318637274549095,-6.369172120826275
14.9,-0.82108943403806,0.5,5.971943887775551,-6.2982331532693205
15.0,-0.9134300165763611,0.5,6.012024048096192,-6.22539769686821
15.100000000000001,-1.1936892851139334,0.5,6.052104208416833,-6.150718617990435
15.200000000000001,0.41884443723342846,0.5,6.092184368737475,-6.074248972636993
15.3,0.5797705448871336,0.5,6.132264529058116,-5.996041981503074
15.4,-1.1987814252103683,0.5,6.1723446893787575,-5.916151005251956
15.5,-1.1020682214627628,0.5,6.212424849699398,-5.834629520010373
15.600000000000001,-1.2458861071028615,0.5,6.25250501002004,-5.751531093093298
15.700000000000001,-1.192783600697433,0.5,6.292585170340681,-5.666909358965987
15.8,-0.7178647358504169,0.5,6.332665330661323,-5.580817995450888
15.9,-0.07645818491588507,0.5,6.372745490981964,-5.4933107001868455
16.0,-1.8188551132596438,0.5,6.4128256513026045,-5.4044411673478345
16.1,-1.0201824466515526,0.5,6.452905811623246,-5.314263064628262
16.2,-0.6195092421928163,0.5,6.492985971943887,-5.222830010501714
16.3,-0.14620896065196698,0.5,6.533066132264529,-5.1301955517597255
16.400000000000002,-0.5157703310209458,0.5,6.57314629258517,-5.036413141337114
16.5,-0.6453291962645094,0.5,6.613226452905812,-4.941536116430076
16.6,-2.0484499489218857,0.5,6.6533066132264524,-4.845617676913136
16.7,-1.863162582107536,0.5,6.693386773547094,-4.748710864060786
16.8,-1.1502258408196593,0.5,6.733466933867735,-4.650868539579552
16.900000000000002,-0.26476532589346813,0.5,6.773547094188377,-4.552143364955817
17.0,-0.5560243531901441,0.5,6.813627254509018,-4.452587781124853
17.1,-1.8884528856978202,0.5,6.853707414829659,-4.352253988465969
17.2,-0.4194390050865564,0.5,6.8937875751503,-4.251193927128767
17.3,-1.7564880859288452,0.5,6.933867735470941,-4.149459257695118
17.400000000000002,-1.0637260018006593,0.5,6.973947895791583,-4.047101342181357
17.5,-0.47215001585515837,0.5,7.014028056112224,-3.9441712253849954
17.6,-0.6448576562304629,0.5,7.054108216432866,-3.8407196165800084
17.7,-0.29779680939126907,0.5,7.0941883767535066,-3.7367968715646307
17.8,-1.8690969542684974,0.5,7.134268537074148,-3.632452975065279
17.900000000000002,-1.0150559896848896,0.5,7.174348697394789,-3.527737523500205
18.0,-0.6754898869869501,0.5,7.214428857715431,-3.422699708106087
18.1,-0.8434911130053815,0.5,7.254509018036072,-3.317388298430737
18.2,-1.5616549500538188,0.5,7.294589178356713,-3.211851626194808
18.3,-1.4878375701455475,0.5,7.3346693386773545,-3.106137569525228
18.400000000000002,-1.9154781923602753,0.5,7.374749498997995,-3.0002935375629556
18.5,-1.6303740179451185,0.5,7.414829659318637,-2.894366455447289
18.6,-0.8336739212900401,0.5,7.454909819639278,-2.788402749679029
18.7,-0.25983166194868845,0.5,7.49498997995992,-2.6824483338643392
18.8,-1.922018937124524,0.5,7.535070140280561,-2.5765485948411735
18.900000000000002,-1.2208951782686794,0.5,7.575150300601202,-2.470748379189835
19.0,-1.7594165114156723,0.5,7.615230460921843,-2.3650919801290997
19.1,-0.716777698903366,0.5,7.655310621242485,-2.2596231247991136
19.200000000000003,-0.09285602014097205,0.5,7.695390781563126,-2.154384961932185
19.3,-1.1267793981055507,0.5,7.735470941883767,-2.0494200499122406
19.400000000000002,-1.370196101613629,0.5,7.775551102204409,-1.9447703452237775
19.5,-1.6150490029224698,0.5,7.8156312625250495,-1.8404771912907183
19.6,-0.2659121908987476,0.5,7.855711422845691,-1.7365813077055956
19.700000000000003,-0.9664052195851511,0.5,7.895791583166332,-1.6331227798492223
19.8,-1.4744563402979431,0.5,7.935871743486974,-1.5301410489008493
19.900000000000002,-0.03261276398071866,0.5,7.975951903807615,-1.4276749022386808
20.0,-1.0783732442998755,0.5,8.016032064128256,-1.3257624642303802
,,,8.056112224448897,-1.2244411874131318
,,,8.09619238476954,-1.123747844062587
,,,8.13627254509018,-1.0237185181498643
,,,8.176352705410821,-0.9243885976856552
,,,8.216432865731463,-0.8257927674503616
,,,8.256513026052104,-0.7279650021088994
,,,8.296593186372744,-0.6309385597088237
,,,8.336673346693386,-0.5347459755601435
,,,8.376753507014028,-0.4394190564951819
,,,8.41683366733467,-0.344988875506529
,,,8.45691382765531,-0.25148576676115636
,,,8.496993987975952,-0.15893932098849411
,,,8.537074148296593,-0.067378381240285
,,,8.577154308617233,0.023168960980338268
,,,8.617234468937875,0.1126753692229738
,,,8.657314629258517,0.20111426522996775
,,,8.697394789579159,0.2884598317151772
,,,8.737474949899799,0.37468701478433847
,,,8.77755511022044,0.45977152600012994
,,,8.817635270541082,0.5436898440950269
,,,8.857715430861724,0.6264192163352986
,,,8.897795591182364,0.7079376595394767
,,,8.937875751503006,0.7882239607548293
,,,8.977955911823647,0.8672576775953963
,,,9.018036072144287,0.9450191382453534
,,,9.05811623246493,1.0214894411314874
,,,9.098196392785571,1.0966504542686564
,,,9.138276553106213,1.1704848142823088
,,,9.178356713426853,1.2429759251120989
,,,9.218436873747494,1.3141079564008293
,,,9.258517034068136,1.3838658415729426
,,,9.298597194388778,1.4522352756069863
,,,9.338677354709418,1.5192027125064407
,,,9.37875751503006,1.5847553624734667
,,,9.418837675350701,1.648881188790122
,,,9.458917835671341,1.711568904411776
,,,9.498997995991983,1.7728079682774271
,,,9.539078156312625,1.8325885813417122
,,,9.579158316633267,1.8909016823335354
,,,9.619238476953907,1.9477389432461965
,,,9.659318637274549,2.0030927645640557
,,,9.69939879759519,2.056956270230735
,,,9.739478957915832,2.1093233023640154
,,,9.779559118236472,2.1601884157225326
,,,9.819639278557114,2.2095468719295277
,,,9.859719438877756,2.2573946334588206
,,,9.899799599198396,2.303728357388389
,,,9.939879759519037,2.3485453889268113
,,,9.97995991983968,2.3918437547179594
,,,10.02004008016032,2.4336221559293576
,,,10.06012024048096,2.473879961129613
,,,10.100200400801603,2.5126171989604047
,,,10.140280561122244,2.5498345506084763
,,,10.180360721442886,2.5855333420831936
,,,10.220440881763526,2.619715536305151
,,,10.260521042084168,2.652383725011409
,,,10.30060120240481,2.6835411204828916
,,,10.34068136272545,2.713191547099561
,,,10.380761523046091,2.741339432728923
,,,10.420841683366733,2.767989799953471
,,,10.460921843687375,2.793148257142674
,,,10.501002004008015,2.8168209893751017
,,,10.541082164328657,2.839014749216304
,,,10.581162324649299,2.8597368473580214
,,,10.62124248496994,2.878995143124364
,,,10.66132264529058,2.8967980348505074
,,,10.701402805611222,2.913154450139528
,,,10.741482965931864,2.928073836002905
,,,10.781563126252504,2.9415661488902956
,,,10.821643286573146,2.9536418446140824
,,,10.861723446893787,2.964311868174244
,,,10.901803607214429,2.97358764348904
,,,10.941883767535069,2.9814810630369974
,,,10.98196392785571,2.988004477415648
,,,11.022044088176353,2.9931706848224673
,,,11.062124248496994,2.9969929204633856
,,,11.102204408817634,2.9994848458942776
,,,11.142284569138276,3.0006605383007394
,,,11.182364729458918,3.0005344797214852
,,,11.222444889779558,2.9991215462206138
,,,11.2625250501002,2.9964369970139786
,,,11.302605210420841,2.9924964635548705
,,,11.342685370741483,2.9873159385841297
,,,11.382765531062123,2.980911765149831
,,,11.422845691382765,2.9733006256015666
,,,11.462925851703407,2.96449953056438
,,,11.503006012024048,2.9545258078972703
,,,11.543086172344688,2.9433970916412373
,,,11.58316633266533,2.931131310961675
,,,11.623246492985972,2.9177466790899826
,,,11.663326653306612,2.903261682269095
,,,11.703406813627254,2.8876950687076803
,,,11.743486973947896,2.8710658375476177
,,,11.783567134268537,2.85339322784936
,,,11.823647294589177,2.8346967075996923
,,,11.863727454909819,2.8149959627463605
,,,11.90380761523046,2.7943108862639763
,,,11.943887775551103,2.7726615672555166
,,,11.983967935871743,2.7500682800937213
,,,12.024048096192384,2.7265514736065626
,,,12.064128256513026,2.702131760310968
,,,12.104208416833666,2.6768299056988316
,,,12.144288577154308,2.650666817579334
,,,12.18436873747495,2.6236635354815268
,,,12.224448897795591,2.595841220121002
,,,12.264529058116231,2.5672211429344767
,,,12.304609218436873,2.5378246756859912
,,,12.344689378757515,2.507673280148389
,,,12.384769539078157,2.476788497863623
,,,12.424849699398797,2.4451919399854147
,,,12.464929859719438,2.4129052772076665
,,,12.50501002004008,2.3799502297820023
,,,12.54509018036072,2.3463485576276772
,,,12.585170340681362,2.3121220505370714
,,,12.625250501002004,2.277292518479881
,,,12.665330661322646,2.241881782009042
,,,12.705410821643286,2.20591166277135
,,,12.745490981963927,2.169403974125652
,,,12.785571142284569,2.1323805118714323
,,,12.825651302605209,2.094863045090498
,,,12.86573146292585,2.056873307104397
,,,12.905811623246493,2.0184329865501853
,,,12.945891783567134,1.9795637185769597
,,,12.985971943887774,1.9402870761656128
,,,13.026052104208416,1.9006245615741035
,,,13.066132264529058,1.8605975979105123
,,,13.1062124248497,1.8202275208360184
,,,13.14629258517034,1.7795355703998967
,,,13.186372745490981,1.7385428830085423
,,,13.226452905811623,1.6972704835304275
,,,13.266533066132263,1.6557392775388533
,,,13.306613226452905,1.6139700436942248
,,,13.346693386773547,1.5719834262675896
,,,13.386773547094188,1.5297999278069818
,,,13.426853707414828,1.4874399019481164
,,,13.46693386773547,1.444923546370881
,,,13.507014028056112,1.4022708959030104
,,,13.547094188376754,1.359501815772174
,,,13.587174348697394,1.316635995007739
,,,13.627254509018035,1.2736929399932861
,,,13.667334669338677,1.2306919681710027
,,,13.707414829659317,1.1876522018988407
,,,13.747494989979959,1.144592562461399
,,,13.7875751503006,1.1015317642353306
,,,13.827655310621243,1.058488309010016
,,,13.867735470941883,1.0154804804641855
,,,13.907815631262524,0.9725263387990734
,,,13.947895791583166,0.9296437155286359
,,,13.987975951903808,0.8868502084272776
,,,14.028056112224448,0.8441631766354638
,,,14.06813627254509,0.8015997359235052
,,,14.108216432865731,0.759176754113798
,,,14.148296593186371,0.716910846661616
,,,14.188376753507013,0.6748183723945711
,,,14.228456913827655,0.6329154294108119
,,,14.268537074148297,0.5912178511358281
,,,14.308617234468937,0.5497412025378176
,,,14.348697394789578,0.508500776501402
,,,14.38877755511022,0.4675115903594574
,,,14.428857715430862,0.4267883825827436
,,,14.468937875751502,0.386345609626957
,,,14.509018036072144,0.34619744293677124
,,,14.549098196392785,0.306357766106362
,,,14.589178356713425,0.2668401721958576
,,,14.629258517034067,0.22765796120307155
,,,14.669338677354709,0.1888241376898854
,,,14.70941883767535,0.15035140856247306
,,,14.74949899799599,0.11225218100462138
,,,14.789579158316633,0.07453856056325053
,,,14.829659318637274,0.0372223493852784
,,,14.869739478957916,0.00031504460479357324
,,,14.909819639278556,-0.036172163120429826
,,,14.949899799599198,-0.07222839092416884
,,,14.98997995991984,-0.10784306489985918
,,,15.03006012024048,-0.14300592112274796
,,,15.070140280561121,-0.17770700652731314
,,,15.110220440881763,-0.21193667964122354
,,,15.150300601202405,-0.2456856111771544
,,,15.190380761523045,-0.2789447844838229
,,,15.230460921843687,-0.3117054958576691
,,,15.270541082164328,-0.34395935471659056
,,,15.31062124248497,-0.37569828363728697
,,,15.35070140280561,-0.40691451825770497
,,,15.390781563126252,-0.43760060704619186
,,,15.430861723446894,-0.4677494109389367
,,,15.470941883767534,-0.49735410284740245
,,,15.511022044088175,-0.5264081670374056
,,,15.551102204408817,-0.5549053983815839
,,,15.591182364729459,-0.5828399014870137
,,,15.631262525050099,-0.6102060896997736
,,,15.67134268537074,-0.6369986839882789
,,,15.711422845691382,-0.6632127117072557
,,,15.751503006012024,-0.6888435052442313
,,,15.791583166332664,-0.7138867005504728
,,,15.831663326653306,-0.7383382355583109
,,,15.871743486973948,-0.7621943484868277
,,,15.911823647294588,-0.7854515760379008
,,,15.95190380761523,-0.808106751484645
,,,15.991983967935871,-0.830157002654257
,,,16.03206412825651,-0.8515997498073828
,,,16.072144288577153,-0.8724327034160659
,,,16.112224448897795,-0.8926538618423779
,,,16.152304609218437,-0.9122615089198869
,,,16.19238476953908,-0.9312542114400877
,,,16.23246492985972,-0.9496308165459622
,,,16.27254509018036,-0.9673904490348418
,,,16.312625250501,-0.9845325085727751
,,,16.352705410821642,-1.0010566668225813
,,,16.392785571142284,-1.0169628644878328
,,,16.432865731462925,-1.0322513082749738
,,,16.472945891783567,-1.0469224677758175
,,,16.51302605210421,-1.0609770722726692
,,,16.55310621242485,-1.0744161074683263
,,,16.59318637274549,-1.087240812143209
,,,16.63326653306613,-1.0994526747419024
,,,16.673346693386772,-1.111053429891355
,,,16.713426853707414,-1.122045054853034
,,,16.753507014028056,-1.1324297659112905
,,,16.793587174348698,-1.1422100147002232
,,,16.83366733466934,-1.1513884844713178
,,,16.873747494989978,-1.1599680863041297
,,,16.91382765531062,-1.1679519552623012
,,,16.95390781563126,-1.175343446497167
,,,16.993987975951903,-1.182146131301239
,,,17.034068136272545,-1.1883637931138078
,,,17.074148296593187,-1.1940004234809605
,,,17.11422845691383,-1.199060217972224
,,,17.154308617234467,-1.2035475720561166
,,,17.19438877755511,-1.2074670769368252
,,,17.23446893787575,-1.2108235153542464
,,,17.274549098196392,-1.2136218573496154
,,,17.314629258517034,-1.2158672559989259
,,,17.354709418837675,-1.2175650431163385
,,,17.394789579158317,-1.218720724929774
,,,17.43486973947896,-1.2193399777308556
,,,17.474949899799597,-1.2194286435013608
,,,17.51503006012024,-1.2189927255183346
,,,17.55511022044088,-1.2180383839399873
,,,17.595190380761522,-1.2165719313744956
,,,17.635270541082164,-1.2145998284337973
,,,17.675350701402806,-1.2121286792744703
,,,17.715430861723448,-1.209165227127746
,,,17.755511022044086,-1.2057163498207122
,,,17.795591182364728,-1.2017890552907138
,,,17.83567134268537,-1.197390477094969
,,,17.87575150300601,-1.1925278699173767
,,,17.915831663326653,-1.1872086050744766
,,,17.955911823647295,-1.1814401660224993
,,,17.995991983967937,-1.1752301438674284
,,,18.036072144288575,-1.168586232879968
,,,18.076152304609217,-1.1615162260172722
,,,18.11623246492986,-1.1540280104533058
,,,18.1563126252505,-1.1461295631196349
,,,18.196392785571142,-1.1378289462584579
,,,18.236472945891784,-1.1291343029896361
,,,18.276553106212425,-1.1200538528934778
,,,18.316633266533067,-1.110595887610986
,,,18.356713426853705,-1.1007687664632657
,,,18.396793587174347,-1.0905809120917405
,,,18.43687374749499,-1.0800408061208384
,,,18.47695390781563,-1.0691569848447244
,,,18.517034068136272,-1.05793803493968
,,,18.557114228456914,-1.046392589203665
,,,18.597194388777556,-1.0345293223245875
,,,18.637274549098194,-1.022356946678778
,,,18.677354709418836,-1.009884208161106
,,,18.717434869739478,-0.997119882048201
,,,18.75751503006012,-0.9840727688961486
,,,18.79759519038076,-0.9707516904740471
,,,18.837675350701403,-0.9571654857347538
,,,18.877755511022045,-0.9433230068241351
,,,18.917835671342683,-0.9292331151300885
,,,18.957915831663325,-0.9149046773725819
,,,18.997995991983966,-0.900346561735928
,,,19.03807615230461,-0.8855676340444629
,,,19.07815631262525,-0.8705767539827853
,,,19.118236472945892,-0.8553827713616686
,,,19.158316633266534,-0.839994522430727
,,,19.198396793587175,-0.8244208262388922
,,,19.238476953907814,-0.8086704810437154
,,,19.278557114228455,-0.7927522607704729
,,,19.318637274549097,-0.7766749115220503
,,,19.35871743486974,-0.7604471481404991
,,,19.39879759519038,-0.744077650821172
,,,19.438877755511022,-0.727575061780284
,,,19.478957915831664,-0.7109479819767247
,,,19.519038076152302,-0.6942049678889125
,,,19.559118236472944,-0.6773545283474397
,,,19.599198396793586,-0.6604051214242507
,,,19.639278557114228,-0.6433651513790241
,,,19.67935871743487,-0.6262429656634325
,,,19.71943887775551,-0.6090468519839061
,,,19.759519038076153,-0.5917850354234857
,,,19.79959919839679,-0.574465675623343
,,,19.839679358717433,-0.5570968640244791
,,,19.879759519038075,-0.5396866211701288
,,,19.919839679358716,-0.5222428940693044
,,,19.95991983967936,-0.5047735536219399
,,,20.0,-0.4872863921060297
14.0
0.0,13.84125362057432,0.5,0.0,13.55128472638739
0.1,12.703539729766963,0.5,0.04008016032064128,13.245438960878532
0.2,12.292334202061301,0.5,0.08016032064128256,12.920071252402176
0.30000000000000004,10.280617886889148,0.5,0.12024048096192384,12.575815500294166
0.4,10.0330025774823,0.5,0.16032064128256512,12.213332313152582
0.5,9.201478307867125,0.5,0.2004008016032064,11.83330779560879
0.6000000000000001,7.17719657215786,0.5,0.24048096192384769,11.43645230108639
0.7000000000000001,6.278511899618088,0.5,0.280561122244489,11.023499152744963
0.8,4.127620732393687,0.5,0.32064128256513025,10.595203334844099
0.9,2.661398974577264,0.5,0.3607214428857715,10.15234015679776
1.0,1.104290390699227,0.5,0.4008016032064128,9.695703892220092
1.1,0.5330661131342465,0.5,0.4408817635270541,9.226106395290685
1.2000000000000002,-1.3759283446135897,0.5,0.48096192384769537,8.744375696790557
1.3,-1.246926355283766,0.5,0.5210420841683366,8.251354582179179
1.4000000000000001,-3.5265018038377884,0.5,0.561122244488978,7.747899154098274
1.5,-4.4347504160388835,0.5,0.6012024048096192,7.2348773816995156
1.6,-5.997344650881502,0.5,0.6412825651302605,6.7131676392006785
1.7000000000000002,-7.900841569309806,0.5,0.6813627254509018,6.183657236078325
1.8,-8.453806888824989,0.5,0.721442885771543,5.647240941304904
1.9000000000000001,-9.495898101581536,0.5,0.7615230460921844,5.104819504033868
2.0,-10.512065864454554,0.5,0.8016032064128256,4.557298173128362
2.1,-11.255256736244775,0.5,0.8416833667334669,4.005585217917406
2.2,-10.714908168215391,0.5,0.8817635270541082,3.4505904525476105
2.3000000000000003,-11.909294001275384,0.5,0.9218436873747494,2.8932237662794438
2.4000000000000004,-12.549395789253266,0.5,0.9619238476953907,2.334393662054013
2.5,-12.550210515947965,0.5,1.002004008016032,1.7750058056296771
2.6,-11.75593167614922,0.5,1.0420841683366733,1.2159615875578578
2.7,-11.398444092696694,0.5,1.0821643286573146,0.658156700233748
2.8000000000000003,-12.221962327707427,0.5,1.122244488977956,0.10247973222067326
2.9000000000000004,-12.027853110499528,0.5,1.1623246492985972,-0.45018921799345585
3.0,-12.063803251888332,0.5,1.2024048096192383,-0.9989799066925712
3.1,-12.060626783649615,0.5,1.2424849699398797,-1.5430332860136438
3.2,-10.700748991769991,0.5,1.282565130260521,-2.0815028193939322
3.3000000000000003,-9.470277169438639,0.5,1.3226452905811623,-2.6135557694185794
3.4000000000000004,-9.038567265421802,0.5,1.3627254509018036,-3.138374456158164
3.5,-8.21706378409898,0.5,1.4028056112224447,-3.6551574841441905
3.6,-6.600727465142414,0.5,1.442885771543086,-4.163120936191484
3.7,-6.5408153584034,0.5,1.4829659318637274,-4.661499532339741
3.8000000000000003,-5.296122512078116,0.5,1.5230460921843687,-5.149547752252648
3.9000000000000004,-3.5403202772267903,0.5,1.56312625250501,-5.626540919480783
4.0,-3.590267805517808,0.5,1.6032064128256511,-6.091776246065208
4.1000000000000005,-1.7646919880916847,0.5,1.6432865731462925,-6.544573836030743
4.2,0.07348161690620036,0.5,1.6833667334669338,-6.984277646392413
4.3,-0.6331277416385303,0.5,1.723446893787575,-7.410256404374504
4.4,0.8150364236831311,0.5,1.7635270541082164,-7.821904479619485
4.5,1.868989707414252,0.5,1.8036072144288577,-8.218642710243287
4.6000000000000005,2.5741265537448914,0.5,1.8436873747494988,-8.599919181673972
4.7,4.674915870687477,0.5,1.8837675350701402,-8.965209957292931
4.800000000000001,4.542757699011142,0.5,1.9238476953907815,-9.314019759980463
4.9,6.09450714301528,0.5,1.9639278557114228,-9.645882603751776
5.0,7.293074326900702,0.5,2.004008016032064,-9.960362374754121
5.1000000000000005,6.73794241234521,0.5,2.0440881763527052,-10.257053360981248
5.2,8.246503872881512,0.5,2.0841683366733466,-10.535580730147469
5.300000000000001,8.944315673764988,0.5,2.124248496993988,-10.79560095524992
5.4,8.424983949989107,0.5,2.164328657314629,-11.036802187434438
5.5,10.042082633490526,0.5,2.2044088176352705,-11.258904575867119
5.6000000000000005,8.805666540434713,0.5,2.244488977955912,-11.461660534400623
5.7,10.581731337126431,0.5,2.284569138276553,-11.644854954910675
5.800000000000001,9.907727211745023,0.5,2.3246492985971945,-11.8083053672648
5.9,8.9276182081836,0.5,2.3647294589178354,-11.951862045971078
6.0,9.234218989022615,0.5,2.4048096192384767,-12.075408063640095
6.1000000000000005,9.887820981964676,0.5,2.444889779559118,-12.178859291477927
6.2,8.830798733697332,0.5,2.4849699398797593,-12.262164347111767
6.300000000000001,9.43299428018739,0.5,2.5250501002004007,-12.325304490132694
6.4,7.6256397477104265,0.5,2.565130260521042,-12.36829346582179
6.5,7.658265269466787,0.5,2.6052104208416833,-12.391177297606376
6.6000000000000005,7.2365578154542085,0.5,2.6452905811623246,-12.394034028872365
6.7,5.645912095132003,0.5,2.685370741482966,-12.376973414836396
6.800000000000001,5.681110673771009,0.5,2.7254509018036073,-12.340136565257694
6.9,4.18050453161304,0.5,2.7655310621242486,-12.283695538843984
7.0,2.974207153603361,0.5,2.8056112224448895,-12.207852890278538
7.1000000000000005,2.615495546056489,0.5,2.845691382765531,-12.112841170866169
7.2,1.8965981304872983,0.5,2.885771543086172,-11.998922383864848
7.300000000000001,1.9038247191523763,0.5,2.9258517034068134,-11.866387395636153
7.4,1.0305263597789476,0.5,2.9659318637274548,-11.715555303812353
7.5,-1.1783239606778628,0.5,3.006012024048096,-11.546772763740087
7.6000000000000005,-0.8218328729863307,0.5,3.0460921843687374,-11.36041327452033
7.7,-1.6705242060475214,0.5,3.0861723446893787,-11.156876426021748
7.800000000000001,-2.470109293982745,0.5,3.12625250501002,-10.936587108299356
7.9,-4.8273333046913995,0.5,3.1663326653306614,-10.699994684902492
8.0,-5.167590003220999,0.5,3.2064128256513023,-10.447572131605751
8.1,-5.658556433924136,0.5,3.2464929859719436,-10.179815142143186
8.200000000000001,-5.854055666670195,0.5,3.286573146292585,-9.897241202570122
8.3,-6.538331276339864,0.5,3.3266533066132262,-9.60038863591794
8.4,-7.163834358827485,0.5,3.3667334669338675,-9.289815618845502
8.5,-7.164333958604022,0.5,3.406813627254509,-8.966099172025988
8.6,-6.658263792714181,0.5,3.44689378757515,-8.629834126040265
8.700000000000001,-7.010376349624396,0.5,3.4869739478957915,-8.281632064577106
8.8,-8.42046642030186,0.5,3.527054108216433,-7.922120246766662
8.9,-7.934232503578423,0.5,3.567134268537074,-7.551940510496805
9.0,-7.176063519945266,0.5,3.6072144288577155,-7.171748158581793
9.1,-8.019305293848598,0.5,3.6472945891783564,-6.782210829669664
9.200000000000001,-8.203374232443306,0.5,3.6873747494989977,-6.384007355788431
9.3,-8.342118608372111,0.5,3.727454909819639,-5.977826608441894
9.4,-6.173415581192553,0.5,3.7675350701402803,-5.564366335173117
9.5,-5.7996196398462745,0.5,3.8076152304609217,-5.144331988518244
9.600000000000001,-6.607094480884963,0.5,3.847695390781563,-4.718435549274355
9.700000000000001,-5.415812114087862,0.5,3.8877755511022043,-4.287394346003366
9.8,-4.6661328729540426,0.5,3.9278557114228456,-3.851929872688928
9.9,-4.023679866740611,0.5,3.967935871743487,-3.4127666064553788
10.0,-3.061652741425056,0.5,4.008016032064128,-2.970630827246775
10.100000000000001,-3.2558857219367665,0.5,4.04809619238477,-2.5262494413499916
10.200000000000001,-1.7640813699100826,0.5,4.0881763527054105,-2.080348810629205
10.3,-2.156445262548513,0.5,4.128256513026052,-1.6336535893186501
10.4,-0.7222906961372131,0.5,4.168336673346693,-1.186885570198744
10.5,-1.0717064813130552,0.5,4.208416833667335,-0.7407625419542906
10.600000000000001,1.158457171980422,0.5,4.248496993987976,-0.2959971594858684
10.700000000000001,-0.03568154971903581,0.5,4.288577154308617,0.14670417108567335
10.8,1.8736844390260743,0.5,4.328657314629258,0.586642391015214
10.9,3.0753700033588696,0.5,4.368737474949899,1.0231268694592657
11.0,2.5717831484490503,0.5,4.408817635270541,1.4554764643003528
11.100000000000001,3.085835893259919,0.5,4.448897795591182,1.8830205616785092
11.200000000000001,4.3694892083859855,0.5,4.488977955911824,2.3051000926826797
11.3,3.7099886012640297,0.5,4.529058116232465,2.7210685256997356
11.4,5.737876786137714,0.5,4.569138276553106,3.1302928329667212
11.5,5.786642540844618,0.5,4.609218436873747,3.532154429921639
11.600000000000001,4.907371047021423,0.5,4.649298597194389,3.9260500859997483
11.700000000000001,5.917405871270798,0.5,4.68937875751503,4.311392805575953
11.8,5.480048673973917,0.5,4.729458917835671,4.687612677809226
11.9,6.65837120880042,0.5,4.7695390781563125,5.054157694201945
12.0,6.896869994953043,0.5,4.809619238476953,5.410494532745832
12.100000000000001,5.8581440195667405,0.5,4.849699398797595,5.756109307586095
12.200000000000001,6.777637905065596,0.5,4.889779559118236,6.090508283196905
12.3,6.296808411655145,0.5,4.929859719438878,6.413218552124157
12.4,6.421117192533426,0.5,4.969939879759519,6.7237886754151015
12.5,6.3809448919220975,0.5,5.01002004008016,7.0217892849198345
12.600000000000001,4.840991202640454,0.5,5.050100200400801,7.306813646714851
12.700000000000001,6.020518729754739,0.5,5.090180360721443,7.578478184966346
12.8,5.562844974814465,0.5,5.130260521042084,7.836422965617562
12.9,4.414520566468508,0.5,5.170340681362725,8.080312139353289
13.0,3.479581416590605,0.5,5.210420841683367,8.309834343362446
13.100000000000001,3.13577704912295,0.5,5.2505010020040075,8.524703061489008
13.200000000000001,3.6291262459984233,0.5,5.290581162324649,8.724656942430661
13.3,2.695746635182992,0.5,5.33066132264529,8.909460075713495
13.4,1.4384835288634088,0.5,5.370741482965932,9.078902225241036
13.5,1.4459427432919796,0.5,5.410821643286573,9.232799020284475
13.600000000000001,0.6716466273066567,0.5,5.4509018036072145,9.37099210385072
13.700000000000001,-0.5547030568244378,0.5,5.490981963927855,9.493349238433133
13.8,-0.8596975504065808,0.5,5.531062124248497,9.59976436921864
13.9,-0.5791715444363907,0.5,5.571142284569138,9.69015764489252
14.0,-2.2269332636471066,0.5,5.611222444889779,9.764475396249619
14.100000000000001,-2.875352766355551,0.5,5.651302605210421,9.822690072887184
14.200000000000001,-2.11587295074561,0.5,5.691382765531062,9.864800138320327
14.3,-2.981124988286683,0.5,5.731462925851703,9.890829923925898
14.4,-2.506467425787343,0.5,5.771543086172344,9.900829442184373
14.5,-3.34517760377455,0.5,5.811623246492986,9.894874159751973
14.600000000000001,-3.9589290742151215,0.5,5.851703406813627,9.873064730956804
14.700000000000001,-4.757380934994689,0.5,5.891783567134269,9.835526692372813
14.8,-3.9740911765134674,0.5,5.9318637274549095,9.782410119184277
14.9,-4.251561231441698,0.5,5.971943887775551,9.713889244110701
15.0,-5.6383626965137985,0.5,6.012024048096192,9.630162039717815
15.100000000000001,-5.37890973409738,0.5,6.052104208416833,9.531449764994308
15.200000000000001,-5.379446044926937,0.5,6.092184368737475,9.41799647712653
15.3,-4.08933279443998,0.5,6.132264529058116,9.290068509453642
15.4,-5.106801499913948,0.5,6.1723446893787575,9.147953916634624
15.5,-5.7898947609043,0.5,6.212424849699398,8.991961888105253
15.600000000000001,-5.591058238876345,0.5,6.25250501002004,8.822422130947851
15.700000000000001,-5.034621491941955,0.5,6.292585170340681,8.639684223339396
15.8,-3.5062720206126583,0.5,6.332665330661323,8.444116939784122
15.9,-3.941497322401248,0.5,6.372745490981964,8.236107549375191
16.0,-4.522851277301925,0.5,6.4128256513026045,8.016061088366168
16.1,-3.954922096098413,0.5,6.452905811623246,7.7843996083670435
16.2,-2.644353944862986,0.5,6.492985971943887,7.541561401511118
16.3,-1.7833558896532742,0.5,6.533066132264529,7.288000203968361
16.400000000000002,-1.2396975512608397,0.5,6.57314629258517,7.02418437920782
16.5,-2.057537507004607,0.5,6.613226452905812,6.750596082436111
16.6,-1.2458731602083186,0.5,6.6533066132264524,6.467730407661121
16.7,-1.3687515727857404,0.5,6.693386773547094,6.176094518849678
16.8,0.24395853395701755,0.5,6.733466933867735,5.876206766665109
16.900000000000002,-0.463455634743013,0.5,6.773547094188377,5.568595792285239
17.0,0.6900161768333612,0.5,6.813627254509018,5.253799619813633
17.1,0.32303931556611776,0.5,6.853707414829659,4.932364738806468
17.2,1.9773104603309828,0.5,6.8937875751503,4.604845178444621
17.3,0.9087986555838656,0.5,6.933867735470941,4.271801574885518
17.400000000000002,1.6534009781968855,0.5,6.973947895791583,3.93380023333071
17.5,3.116879560629503,0.5,7.014028056112224,3.591412186346029
17.6,3.798959787186588,0.5,7.054108216432866,3.2452122499672456
17.7,3.740820101714054,0.5,7.0941883767535066,2.895778079119741
17.8,3.7866139821022724,0.5,7.134268537074148,2.5436892238727458
17.900000000000002,2.6306973984458057,0.5,7.174348697394789,2.1895261880387613
18.0,4.15858325128576,0.5,7.214428857715431,1.8338694916163674
18.1,3.4121982028939826,0.5,7.254509018036072,1.477298738559919
18.2,3.7497480983069207,0.5,7.294589178356713,1.1203916913425098
18.3,4.661174198277653,0.5,7.3346693386773545,0.7637233537596168
18.400000000000002,4.667286590503064,0.5,7.374749498997995,0.4078650633988008
18.5,3.8233841199718253,0.5,7.414829659318637,0.053383595177728956
18.6,3.9252814397099263,0.5,7.454909819639278,-0.2991597226733249
18.7,2.8077155583286815,0.5,7.49498997995992,-0.6492098788360745
18.8,3.0180799082663086,0.5,7.535070140280561,-0.996219034017343
18.900000000000002,2.8982176948824225,0.5,7.575150300601202,-1.3396473596639378
19.0,2.349429048438508,0.5,7.615230460921843,-1.6789638590261868
19.1,3.204397531988336,0.5,7.655310621242485,-2.013647169352531
19.200000000000003,1.877047433660723,0.5,7.695390781563126,-2.3431863440348235
19.3,2.6311313261290623,0.5,7.735470941883767,-2.667081613562929
19.400000000000002,1.7149923995962295,0.5,7.775551102204409,-2.9848451241877294
19.5,2.5697895942678324,0.5,7.8156312625250495,-3.2960016532337546
19.6,0.4986947282208263,0.5,7.855711422845691,-3.600089300046176
19.700000000000003,1.3254169045120725,0.5,7.895791583166332,-3.8966601516018264
19.8,-0.032640506406086844,0.5,7.935871743486974,-4.185280921860124
19.900000000000002,0.4268465974050717,0.5,7.975951903807615,-4.465533563977239
20.0,0.2631957395898331,0.5,8.016032064128256,-4.737015854555381
,,,8.056112224448897,-4.999341949148838
,,,8.09619238476954,-5.2521429082987
,,,8.13627254509018,-5.495067193420062
,,,8.176352705410821,-5.727781131917647
,,,8.216432865731463,-5.949969350958353
,,,8.256513026052104,-6.161335179383586
,,,8.296593186372744,-6.361601017297659
,,,8.336673346693386,-6.550508672923462
,,,8.376753507014028,-6.72781966637139
,,,8.41683366733467,-6.89331550002266
,,,8.45691382765531,-7.046797895283481
,,,8.496993987975952,-7.188088995521912
,,,8.537074148296593,-7.317031535054672
,,,8.577154308617233,-7.43348897410632
,,,8.617234468937875,-7.53734559971848
,,,8.657314629258517,-7.6285065926413465
,,,8.697394789579159,-7.706898060294427
,,,8.737474949899799,-7.772467035937252
,,,8.77755511022044,-7.825181444244278
,,,8.817635270541082,-7.865030033531118
,,,8.857715430861724,-7.892022274931311
,,,8.897795591182364,-7.906188228874198
,,,8.937875751503006,-7.907578379265024
,,,8.977955911823647,-7.896263435817875
,,,9.018036072144287,-7.872334105040704
,,,9.05811623246493,-7.835900830419153
,,,9.098196392785571,-7.787093502392198
,,,9.138276553106213,-7.72606113875777
,,,9.178356713426853,-7.652971536190381
,,,9.218436873747494,-7.568010893595193
,,,9.258517034068136,-7.471383408064183
,,,9.298597194388778,-7.363310844239509
,,,9.338677354709418,-7.244032077927444
,,,9.37875751503006,-7.1138026148426485
,,,9.418837675350701,-6.972894085397621
,,,9.458917835671341,-6.82159371648521
,,,9.498997995991983,-6.660203781233669
,,,9.539078156312625,-6.489041027743737
,,,9.579158316633267,-6.308436087844774
,,,9.619238476953907,-6.118732866933554
,,,9.659318637274549,-5.92028791598339
,,,9.69939879759519,-5.713469786833752
,,,9.739478957915832,-5.4986583718910635
,,,9.779559118236472,-5.276244229389907
,,,9.819639278557114,-5.046627895380452
,,,9.859719438877756,-4.810219183622816
,,,9.899799599198396,-4.56743647458125
,,,9.939879759519037,-4.318705994722292
,,,9.97995991983968,-4.064461087329447
,,,10.02004008016032,-3.805141476053564
,,,10.06012024048096,-3.541192522422932
,,,10.100200400801603,-3.2730644785398497
,,,10.140280561122244,-3.0012117361911272
,,,10.180360721442886,-2.726092073598513
,,,10.220440881763526,-2.4481659010322567
,,,10.260521042084168,-2.167895506505285
,,,10.30060120240481,-1.8857443027591554
,,,10.34068136272545,-1.602176076743115
,,,10.380761523046091,-1.3176542427772915
,,,10.420841683366733,-1.0326411005783684
,,,10.460921843687375,-0.7475970993109315
,,,10.501002004008015,-0.4629801088122427
,,,10.541082164328657,-0.17924469911934274
,,,10.581162324649299,0.1031585705917977
,,,10.62124248496994,0.3837838525672585
,,,10.66132264529058,0.6621906994713278
,,,10.701402805611222,0.9379447407774482
,,,10.741482965931864,1.2106183455398416
,,,10.781563126252504,1.4797912705594536
,,,10.821643286573146,1.745051292986924
,,,10.861723446893787,2.0059948264353302
,,,10.901803607214429,2.2622275197079658
,,,10.941883767535069,2.513364837278794
,,,10.98196392785571,2.7590326206977536
,,,11.022044088176353,2.998867630128382
,,,11.062124248496994,3.23251806526163
,,,11.102204408817634,3.4596440648871893
,,,11.142284569138276,3.679918184442086
,,,11.182364729458918,3.8930258508952775
,,,11.222444889779558,4.098665794367586
,,,11.2625250501002,4.296550455926436
,,,11.302605210420841,4.48640637103672
,,,11.342685370741483,4.667974528191187
,,,11.382765531062123,4.84101070228603
,,,11.422845691382765,5.0052857623507805
,,,11.462925851703407,5.160585953284546
,,,11.503006012024048,5.306713151294849
,,,11.543086172344688,5.443485092778912
,,,11.58316633266533,5.570735576431623
,,,11.623246492985972,5.688314638408337
,,,11.663326653306612,5.796088700415279
,,,11.703406813627254,5.893940690644249
,,,11.743486973947896,5.981770137512421
,,,11.783567134268537,6.059493236212147
,,,11.823647294589177,6.127042888118977
,,,11.863727454909819,6.1843687131496905
,,,11.90380761523046,6.231437035204877
,,,11.943887775551103,6.268230840873136
,,,11.983967935871743,6.294749711615885
,,,12.024048096192384,6.3110097296930086
,,,12.064128256513026,6.3170433581304035
,,,12.104208416833666,6.312899295070299
,,,12.144288577154308,6.298642302884524
,,,12.18436873747495,6.274353012469172
,,,12.224448897795591,6.240127703176618
,,,12.264529058116231,6.196078058877344
,,,12.304609218436873,6.14233090067954
,,,12.344689378757515,6.079027896868939
,,,12.384769539078157,6.006325250664662
,,,12.424849699398797,5.92439336641914
,,,12.464929859719438,5.833416494921102
,,,12.50501002004008,5.733592358490579
,,,12.54509018036072,5.625131756583135
,,,12.585170340681362,5.508258152648013
,,,12.625250501002004,5.383207243010557
,,,12.665330661322646,5.250226508573757
,,,12.705410821643286,5.109574750156901
,,,12.745490981963927,4.961521608310751
,,,12.785571142284569,4.806347068469076
,,,12.825651302605209,4.644340952314665
,,,12.86573146292585,4.4758023962552995
,,,12.905811623246493,4.301039317920801
,,,12.945891783567134,4.120367871605942
,,,12.985971943887774,3.934111893596981
,,,13.026052104208416,3.7426023383300153
,,,13.066132264529058,3.546176706339076
,,,13.1062124248497,3.345178464959075
,,,13.14629258517034,3.139956462755453
,,,13.186372745490981,2.930864338656363
,,,13.226452905811623,2.7182599267665646
,,,13.266533066132263,2.502504657843259
,,,13.306613226452905,2.2839629584138943
,,,13.346693386773547,2.06300164851453
,,,13.386773547094188,1.8399893390233433
,,,13.426853707414828,1.6152958295595055
,,,13.46693386773547,1.389291507910908
,,,13.507014028056112,1.1623467519463715
,,,13.547094188376754,0.9348313349584789
,,,13.587174348697394,0.7071138353723048
,,,13.627254509018035,0.47956105174292646
,,,13.667334669338677,0.2525374239508648
,,,13.707414829659317,0.026404461489458502
,,,13.747494989979959,-0.1984798202783814
,,,13.7875751503006,-0.42176145503419776
,,,13.827655310621243,-0.6430910707483221
,,,13.867735470941883,-0.8621244244342168
,,,13.907815631262524,-1.0785229256139883
,,,13.947895791583166,-1.2919541477189844
,,,13.987975951903808,-1.502092326673355
,,,14.028056112224448,-1.7086188459329774
,,,14.06813627254509,-1.9112227072785068
,,,14.108216432865731,-2.1096009866876013
,,,14.148296593186371,-2.3034592746398483
,,,14.188376753507013,-2.492512100236069
,,,14.228456913827655,-2.6764833385434907
,,,14.268537074148297,-2.8551066006084533
,,,14.308617234468937,-3.0281256056093806
,,,14.348697394789578,-3.1952945346544124
,,,14.38877755511022,-3.356378365760411
,,,14.428857715430862,-3.5111531895829104
,,,14.468937875751502,-3.659406505499926
,,,14.509018036072144,-3.8009374976863963
,,,14.549098196392785,-3.9355572908501957
,,,14.589178356713425,-4.063089185335191
,,,14.629258517034067,-4.18336887133167
,,,14.669338677354709,-4.296244621969427
,,,14.70941883767535,-4.401577465104075
,,,14.74949899799599,-4.499241333642349
,,,14.789579158316633,-4.589123194287576
,,,14.829659318637274,-4.6711231546218
,,,14.869739478957916,-4.745154548476285
,,,14.909819639278556,-4.811143999577284
,,,14.949899799599198,-4.869031463488954
,,,14.98997995991984,-4.918770247909849
,,,15.03006012024048,-4.960327011414199
,,,15.070140280561121,-4.9936817407628675
,,,15.110220440881763,-5.018827706942864
,,,15.150300601202405,-5.035771400127435
,,,15.190380761523045,-5.044532443781528
,,,15.230460921843687,-5.045143488169597
,,,15.270541082164328,-5.037650083554321
,,,15.31062124248497,-5.02211053340586
,,,15.35070140280561,-4.998595727971414
,,,15.390781563126252,-4.967188958584474
,,,15.430861723446894,-4.927985713121903
,,,15.470941883767534,-4.881093453044902
,,,15.511022044088175,-4.8266313724869825
,,,15.551102204408817,-4.764730139878379
,,,15.591182364729459,-4.6955316226213135
,,,15.631262525050099,-4.619188595355142
,,,15.67134268537074,-4.535864432373362
,,,15.711422845691382,-4.445732784776993
,,,15.751503006012024,-4.348977242969752
,,,15.791583166332664,-4.245790985120668
,,,15.831663326653306,-4.136376412238745
,,,15.871743486973948,-4.0209447705220915
,,,15.911823647294588,-3.8997157616605245
,,,15.95190380761523,-3.7729171417860417
,,,15.991983967935871,-3.6407843097802566
,,,16.03206412825651,-3.5035598856602785
,,,16.072144288577153,-3.361493279776846
,,,16.112224448897795,-3.214840253568881
,,,16.152304609218437,-3.0638624726279247
,,,16.19238476953908,-2.9088270528340923
,,,16.23246492985972,-2.750006100331694
,,,16.27254509018036,-2.5876762461185954
,,,16.312625250501,-2.422118176027122
,,,16.352705410821642,-2.2536161568778037
,,,16.392785571142284,-2.082457559588378
,,,16.432865731462925,-1.9089323800213687
,,,16.472945891783567,-1.7333327583524647
,,,16.51302605210421,-1.555952497739886
,,,16.55310621242485,-1.3770865830715915
,,,16.59318637274549,-1.1970307005627374
,,,16.63326653306613,-1.0160807589695808
,,,16.673346693386772,-0.834532413179934
,,,16.713426853707414,-0.652680590931023
,,,16.753507014028056,-0.47081902339716375
,,,16.793587174348698,-0.2892397803787909
,,,16.83366733466934,-0.10823281081292778
,,,16.873747494989978,0.0719145106874717
,,,16.91382765531062,0.2509178305717194
,,,16.95390781563126,0.4284962556878504
,,,16.993987975951903,0.6043727845547184
,,,17.034068136272545,0.7782747299227205
,,,17.074148296593187,0.9499341319947227
,,,17.11422845691383,1.1190881616968877
,,,17.154308617234467,1.2854795134086912
,,,17.19438877755511,1.4488567865817839
,,,17.23446893787575,1.6089748556981593
,,,17.274549098196392,1.765595228040458
,,,17.314629258517034,1.9184863887693098
,,,17.354709418837675,2.067424132826103
,,,17.394789579158317,2.212191883203662
,,,17.43486973947896,2.3525809951513326
,,,17.474949899799597,2.488391045906522
,,,17.51503006012024,2.6194301095701005
,,,17.55511022044088,2.7455150167689366
,,,17.595190380761522,2.8664715987757448
,,,17.635270541082164,2.9821349157828068
,,,17.675350701402806,3.092349469053578
,,,17.715430861723448,3.196969396703533
,,,17.755511022044086,3.2958586528894527
,,,17.795591182364728,3.3888911702140407
,,,17.83567134268537,3.475951005180933
,,,17.87575150300601,3.5569324665634325
,,,17.915831663326653,3.631740226578282
,,,17.955911823647295,3.7002894147841823
,,,17.995991983967937,3.7625056946529103
,,,18.036072144288575,3.818325322789014
,,,18.076152304609217,3.8676951908020882
,,,18.11623246492986,3.9105728498633376
,,,18.1563126252505,3.9469265180060433
,,,18.196392785571142,3.9767350702565425
,,,18.236472945891784,3.9999880117097035
,,,18.276553106212425,4.0166854336894815
,,,18.316633266533067,4.026837953161513
,,,18.356713426853705,4.03046663559066
,,,18.396793587174347,4.027602901461886
,,,18.43687374749499,4.018288416707849
,,,18.47695390781563,4.002574967311002
,,,18.517034068136272,3.9805243183719585
,,,18.557114228456914,3.95220805795904
,,,18.597194388777556,3.9177074260766767
,,,18.637274549098194,3.877113129112229
,,,18.677354709418836,3.83052514014206
,,,18.717434869739478,3.778052485498298
,,,18.75751503006012,3.719813018017373
,,,18.79759519038076,3.6559331774105055
,,,18.837675350701403,3.5865477382144233
,,,18.877755511022045,3.5117995457979605
,,,18.917835671342683,3.4318392409165592
,,,18.957915831663325,3.3468249733224043
,,,18.997995991983966,3.2569221049525394
,,,19.03807615230461,3.1623029032309726
,,,19.07815631262525,3.0631462250337647
,,,19.118236472945892,2.959637191877826
,,,19.158316633266534,2.851966856905075
,,,19.198396793587175,2.7403318642435246
,,,19.238476953907814,2.624934101335852
,,,19.278557114228455,2.5059803448336364
,,,19.318637274549097,2.383681900662944
,,,19.35871743486974,2.2582542388721336
,,,19.39879759519038,2.129916623878204
,,,19.438877755511022,1.9988917407315951
,,,19.478957915831664,1.8654053180222934
,,,19.519038076152302,1.7296857480519194
,,,19.559118236472944,1.591963704897238
,,,19.599198396793586,1.4524717609905486
,,,19.639278557114228,1.311444002840935
,,,19.67935871743487,1.1691156465182933
,,,19.71943887775551,1.02572265351909
,,,19.759519038076153,0.8815013476282956
,,,19.79959919839679,0.7366880333870998
,,,19.839679358717433,0.5915186167697741
,,,19.879759519038075,0.4462282286663367
,,,19.919839679358716,0.3010508517593169
,,,19.95991983967936,0.15621895137454395
,,,20.0,0.011963110876009505
21.0
0.0,13.4131973257197,0.5,0.0,13.69374413716823
0.1,11.666858507863031,0.5,0.04008016032064128,13.254315055288911
0.2,11.0015003132121,0.5,0.08016032064128256,12.768836298535371
0.30000000000000004,10.27015677651656,0.5,0.12024048096192384,12.239231338772987
0.4,7.065629275206655,0.5,0.16032064128256512,11.667575201674786
0.5,5.650830638029683,0.5,0.2004008016032064,11.05608641792537
0.6000000000000001,3.7603228329777902,0.5,0.24048096192384769,10.407118488381712
0.7000000000000001,2.2214258264952234,0.5,0.280561122244489,9.723150895773445
0.8,-0.6818721006753474,0.5,0.32064128256513025,9.006779697033709
0.9,-3.956473628369756,0.5,0.3607214428857715,8.260707731731888
1.0,-4.8431098691045085,0.5,0.4008016032064128,7.487734483326584
1.1,-7.579558279918197,0.5,0.4408817635270541,6.690745631067396
1.2000000000000002,-9.323209111718882,0.5,0.48096192384769537,5.872702331343811
1.3,-10.595413817769789,0.5,0.5210420841683366,5.036630268105843
1.4000000000000001,-10.728757070461029,0.5,0.561122244488978,4.185608512661584
1.5,-12.691321783616939,0.5,0.6012024048096192,3.3227582336896755
1.6,-13.56993517617871,0.5,0.6412825651302605,2.451231298688249
1.7000000000000002,-14.30213818148403,0.5,0.6813627254509018,1.5741988083161707
1.8,-14.379461295788978,0.5,0.721442885771543,0.6948396051654758
1.9000000000000001,-13.356838537239717,0.5,0.7615230460921844,-0.18367120156167574
2.0,-13.177738886745466,0.5,0.8016032064128256,-1.0581736542139184
2.1,-12.044784512423373,0.5,0.8416833667334669,-1.9255342667946562
2.2,-10.602865855011474,0.5,0.8817635270541082,-2.782657206623217
2.3000000000000003,-10.755588555569632,0.5,0.9218436873747494,-3.6264952978196447
2.4000000000000004,-9.296813618796634,0.5,0.9619238476953907,-4.454060807672503
2.5,-6.502672870390847,0.5,1.002004008016032,-5.262435977879216
2.6,-4.402908120882193,0.5,1.0420841683366733,-6.048783263711813
2.7,-2.505611324010064,0.5,1.0821643286573146,-6.8103552453535805
2.8000000000000003,-1.3452241726924163,0.5,1.122244488977956,-7.54450417696834
2.9000000000000004,0.24676580033375073,0.5,1.1623246492985972,-8.24869114050018
3.0,3.5823837735012813,0.5,1.2024048096192383,-8.920494772749924
3.1,5.295053343741458,0.5,1.2424849699398797,-9.557619535931341
3.2,6.345904296171685,0.5,1.282565130260521,-10.157903503666963
3.3000000000000003,7.444767848558651,0.5,1.3226452905811623,-10.719325636235475
3.4000000000000004,9.59326324072832,0.5,1.3627254509018036,-11.240012520820796
3.5,10.885777560282634,0.5,1.4028056112224447,-11.718244554532204
3.6,11.486864076193676,0.5,1.442885771543086,-12.152461550055708
3.7,12.695459322533202,0.5,1.4829659318637274,-12.541267745952409
3.8000000000000003,13.027961143645886,0.5,1.5230460921843687,-12.883436205832004
3.9000000000000004,12.63139668796281,0.5,1.56312625250501,-13.177912592889822
4.0,12.49420887969383,0.5,1.6032064128256511,-13.423818308596601
4.1000000000000005,11.449258074894924,0.5,1.6432865731462925,-13.620452986662198
4.2,11.468663277345646,0.5,1.6833667334669338,-13.767296335749698
4.3,9.313459945091504,0.5,1.723446893787575,-13.864009326786265
4.4,9.235114776398802,0.5,1.7635270541082164,-13.910434723092601
4.5,8.36178556680809,0.5,1.8036072144288577,-13.906596953926051
4.6000000000000005,6.773226662660512,0.5,1.8436873747494988,-13.85270133439416
4.7,3.4269061695819607,0.5,1.8837675350701402,-13.749132637037745
4.800000000000001,2.834274961084921,0.5,1.9238476953907815,-13.596453022696771
4.9,1.5710361057942719,0.5,1.9639278557114228,-13.395399340550195
5.0,-0.08181989345320839,0.5,2.004008016032064,-13.146879809454806
5.1000000000000005,-1.7772558710292865,0.5,2.0440881763527052,-12.85197009488939
5.2,-4.797658428789099,0.5,2.0841683366733466,-12.51190879793243
5.300000000000001,-6.754251073876756,0.5,2.124248496993988,-12.128092374755912
5.4,-7.443603592858253,0.5,2.164328657314629,-11.702069507097907
5.5,-8.821356822920709,0.5,2.2044088176352705,-11.23553494607548
5.6000000000000005,-10.126200281287224,0.5,2.244488977955912,-10.730322853510513
5.7,-9.842219738652155,0.5,2.284569138276553,-10.18839966665839
5.800000000000001,-10.9167047993742,0.5,2.3246492985971945,-9.611856513846629
5.9,-11.431118740982814,0.5,2.3647294589178354,-9.002901210042973
6.0,-11.02835573021149,0.5,2.4048096192384767,-8.363849862774366
6.1000000000000005,-11.485947698297721,0.5,2.444889779559118,-7.697118120105187
6.2,-11.20702464476303,0.5,2.4849699398797593,-7.005212093551408
6.300000000000001,-9.853541035868048,0.5,2.5250501002004007,-6.290718989852005
6.4,-9.55647479728478,0.5,2.565130260521042,-5.556297486438726
6.5,-7.162495410936132,0.5,2.6052104208416833,-4.804667886234812
6.6000000000000005,-6.906454812430412,0.5,2.6452905811623246,-4.038602088072322
6.7,-5.016995010413631,0.5,2.685370741482966,-3.2609134095433197
6.800000000000001,-3.250318051038255,0.5,2.7254509018036073,-2.474446299491402
6.9,-1.3698714149099167,0.5,2.7655310621242486,-1.6820659776052753
7.0,-1.2173044175694487,0.5,2.8056112224448895,-0.8866480386962026
7.1000000000000005,1.193557816926647,0.5,2.845691382765531,-0.09106805922502353
7.2,1.5364087950097325,0.5,2.885771543086172,0.7018087565068342
7.300000000000001,4.118031348791109,0.5,2.9258517034068134,1.4891378533733894
7.4,6.31341517643712,0.5,2.9659318637274548,2.268105488935777
7.5,5.771414780222657,0.5,3.006012024048096,3.0359387472872514
7.6000000000000005,7.492256394800124,0.5,3.0460921843687374,3.7899153677455
7.7,8.911718290148627,0.5,3.0861723446893787,4.527373353708113
7.800000000000001,9.82390978035629,0.5,3.12625250501002,5.245720327911061
7.9,8.954876770089705,0.5,3.1663326653306614,5.9424426013714555
8.0,9.444346873878096,0.5,3.2064128256513023,6.615113924451431
8.1,9.387557378990683,0.5,3.2464929859719436,7.261403889745168
8.200000000000001,10.873562358411736,0.5,3.286573146292585,7.879085957859647
8.3,9.334634148922014,0.5,3.3266533066132262,8.466045078628138
8.4,9.427557483418523,0.5,3.3667334669338675,9.020284881856679
8.5,8.218464312043478,0.5,3.406813627254509,9.539934413352299
8.6,8.062254272206562,0.5,3.44689378757515,10.023254393711417
8.700000000000001,5.302617614919939,0.5,3.4869739478957915,10.4686429791513
8.8,4.286808422538397,0.5,3.527054108216433,10.874641005538859
8.9,3.2939400982861167,0.5,3.567134268537074,11.239936698704163
9.0,1.5784681582375242,0.5,3.6072144288577155,11.563369836111898
9.1,0.06506161498733509,0.5,3.6472945891783564,11.843935346996338
9.200000000000001,-0.4544407004735701,0.5,3.6873747494989977,12.080786340136616
9.3,-3.0882722861170793,0.5,3.727454909819639,12.27323655055091
9.4,-4.486011619795361,0.5,3.7675350701402803,12.420762198513792
9.5,-4.82632221601923,0.5,3.8076152304609217,12.523003256442124
9.600000000000001,-5.6197112425425955,0.5,3.847695390781563,12.579764121343857
9.700000000000001,-6.5089644791874175,0.5,3.8877755511022043,12.591013692673153
9.8,-8.134428193115204,0.5,3.9278557114228456,12.556884857576982
9.9,-7.857166848783294,0.5,3.967935871743487,12.477673387644257
10.0,-8.92502788950944,0.5,4.008016032064128,12.353836253372084
10.100000000000001,-9.504844061745338,0.5,4.04809619238477,12.185989364636523
10.200000000000001,-9.839760603242267,0.5,4.0881763527054105,11.974904747490424
10.3,-9.60979189512108,0.5,4.128256513026052,11.721507169601155
10.4,-8.348267325374273,0.5,4.168336673346693,11.426870228579475
10.5,-8.687504227241897,0.5,4.208416833667335,11.092211919330088
10.600000000000001,-6.86215540437757,0.5,4.248496993987976,10.718889698369502
10.700000000000001,-6.409227424149923,0.5,4.288577154308617,10.308395064798699
10.8,-5.8661190794085645,0.5,4.328657314629258,9.862347679284463
10.9,-5.026797837988074,0.5,4.368737474949899,9.382489043984668
11.0,-2.1284135955378582,0.5,4.408817635270541,8.87067576784631
11.100000000000001,-1.9464832111823331,0.5,4.448897795591182,8.328872443105642
11.200000000000001,-1.1459854454016591,0.5,4.488977955911824,7.75914416012017
11.3,0.22627831825597455,0.5,4.529058116232465,7.163648688862058
11.4,2.2950150595761145,0.5,4.569138276553106,6.5446283564944
11.5,2.7239507085742183,0.5,4.609218436873747,5.904401651434119
11.600000000000001,4.623241997655068,0.5,4.649298597194389,5.245354585173821
11.700000000000001,5.747800901278287,0.5,4.68937875751503,4.5699318438891225
11.8,6.973657308454939,0.5,4.729458917835671,3.880627762491185
11.9,6.665353504246024,0.5,4.7695390781563125,3.179977154300737
12.0,8.409965405249268,0.5,4.809619238476953,2.470546029912302
12.100000000000001,8.019661646412443,0.5,4.849699398797595,1.7549222390883878
12.200000000000001,8.125260545804696,0.5,4.889779559118236,1.035706069672758
12.3,7.39095544971228,0.5,4.929859719438878,0.3155008375354194
12.4,8.900444835018885,0.5,4.969939879759519,-0.40309649853385954
12.5,7.042861982159027,0.5,5.01002004008016,-1.117504663286341
12.600000000000001,7.356302199267095,0.5,5.050100200400801,-1.8251672994717678
12.700000000000001,7.5376591119864855,0.5,5.090180360721443,-2.5235620773935104
12.8,5.613353190707425,0.5,5.130260521042084,-3.210209647236324
12.9,3.932309767457423,0.5,5.170340681362725,-3.882682402532784
13.0,3.184996213226605,0.5,5.210420841683367,-4.538613023933124
13.100000000000001,2.099786241011941,0.5,5.2505010020040075,-5.175702773352906
13.200000000000001,2.363566964873683,0.5,5.290581162324649,-5.791729509585584
13.3,1.0889634047729548,0.5,5.33066132264529,-6.384555397579516
13.4,-0.9750669542782662,0.5,5.370741482965932,-6.952134284788547
13.5,-2.979039057232651,0.5,5.410821643286573,-7.492518719305172
13.600000000000001,-3.386584311279538,0.5,5.4509018036072145,-8.003866585871071
13.700000000000001,-4.8009816128037635,0.5,5.490981963927855,-8.484447337327257
13.8,-5.799009838345537,0.5,5.531062124248497,-8.932647800608088
13.9,-5.593624215764651,0.5,5.571142284569138,-9.346977537994652
14.0,-6.858268734421656,0.5,5.611222444889779,-9.726073746018244
14.100000000000001,-6.981255615979038,0.5,5.651302605210421,-10.068705676136217
14.200000000000001,-7.592930427589754,0.5,5.691382765531062,-10.373778563084992
14.3,-6.735576090483793,0.5,5.731462925851703,-10.6403370486415
14.4,-8.110391190132757,0.5,5.771543086172344,-10.867568090387566
14.5,-6.516980379174351,0.5,5.811623246492986,-11.054803346966244
14.600000000000001,-7.755704567451011,0.5,5.851703406813627,-11.201521033235856
14.700000000000001,-7.548578073331622,0.5,5.891783567134269,-11.30734724066195
14.8,-6.472483192594815,0.5,5.9318637274549095,-11.372056720230095
14.9,-5.3745951581880576,0.5,5.971943887775551,-11.395573127108406
15.0,-4.427683857236204,0.5,6.012024048096192,-11.377968728229439
15.100000000000001,-3.954619321477005,0.5,6.052104208416833,-11.319463575890614
15.200000000000001,-1.5894744506167888,0.5,6.092184368737475,-11.22042415238312
15.3,-2.077643895653395,0.5,6.132264529058116,-11.081361492544783
15.4,-1.021585867257995,0.5,6.1723446893787575,-10.902928792985955
15.5,1.533612301419998,0.5,6.212424849699398,-10.685918518552446
15.600000000000001,1.3551722549569833,0.5,6.25250501002004,-10.43125901835941
15.700000000000001,3.0385110195009486,0.5,6.292585170340681,-10.140010665449266
15.8,2.944605082161676,0.5,6.332665330661323,-9.813361535787983
15.9,4.797869724648639,0.5,6.372745490981964,-9.452622643913381
16.0,4.446979421013747,0.5,6.4128256513026045,-9.05922275407895
16.1,6.327976302879467,0.5,6.452905811623246,-8.634702787193879
16.2,6.83147223314767,0.5,6.492985971943887,-8.180709845237612
16.3,7.213147475983879,0.5,6.533066132264529,-7.6989908761222265
16.400000000000002,7.219979170680308,0.5,6.57314629258517,-7.191386003183027
16.5,7.767517427620277,0.5,6.613226452905812,-6.659821544592864
16.6,6.421995256466171,0.5,6.6533066132264524,-6.106302749016408
16.7,7.213025291616929,0.5,6.693386773547094,-5.532906274741208
16.8,6.676528861523975,0.5,6.733466933867735,-4.941772440343114
16.900000000000002,5.638399806596851,0.5,6.773547094188377,-4.335097275658693
17.0,5.032442144447181,0.5,6.813627254509018,-3.715124402447113
17.1,4.704954410284066,0.5,6.853707414829659,-3.084136774624804
17.2,2.9804746528395416,0.5,6.8937875751503,-2.4444483083485924
17.3,1.399017782880166,0.5,6.933867735470941,-1.7983954325036504
17.400000000000002,2.0100364751687625,0.5,6.973947895791583,-1.1483285903231468
17.5,0.3592989603433767,0.5,7.014028056112224,-0.49660372292538313
17.6,-1.5443697496416018,0.5,7.054108216432866,0.15442623449840542
17.7,-1.146069724312514,0.5,7.0941883767535066,0.8024198132742113
17.8,-2.0772310790997692,0.5,7.134268537074148,1.445055398315202
17.900000000000002,-3.1210599231557676,0.5,7.174348697394789,2.0800395117523407
18.0,-4.396791264128178,0.5,7.214428857715431,2.705114963693834
18.1,-5.308223748386215,0.5,7.254509018036072,3.3180688412715575
18.2,-5.48609739397855,0.5,7.294589178356713,3.9167403078252803
18.3,-5.334350572559341,0.5,7.3346693386773545,4.499028184865725
18.400000000000002,-5.884516989170389,0.5,7.374749498997995,5.062898290344498
18.5,-6.7545872436802314,0.5,7.414829659318637,5.606390507736863
18.6,-6.610537917304784,0.5,7.454909819639278,6.127625561509721
18.7,-5.7472993700681325,0.5,7.49498997995992,6.624811475697755
18.8,-6.147867567807345,0.5,7.535070140280561,7.096249693539731
18.900000000000002,-5.5792501670653305,0.5,7.575150300601202,7.540340837432198
19.0,-4.361852374039495,0.5,7.615230460921843,7.955590089831096
19.1,-3.369886332833107,0.5,7.655310621242485,8.340612177171069
19.200000000000003,-4.43678164013876,0.5,7.695390781563126,8.69413594036951
19.3,-2.8448232006058785,0.5,7.735470941883767,9.015008477033932
19.400000000000002,-2.6280997741623127,0.5,7.775551102204409,9.302198842089648
19.5,-1.8692296378068765,0.5,7.8156312625250495,9.554801295185698
19.6,-0.177784535343056,0.5,7.855711422845691,9.772038084913017
19.700000000000003,0.6124494912345051,0.5,7.895791583166332,9.953261761574542
19.8,1.9567901933083045,0.5,7.935871743486974,10.09795701197612
19.900000000000002,1.6937828459589332,0.5,7.975951903807615,10.205742011452703
20.0,2.2547565783063135,0.5,8.016032064128256,10.276369290101115
,,,8.056112224448897,10.309726111951123
,,,8.09619238476954,10.30583436756525
,,,8.13627254509018,10.264849982307812
,,,8.176352705410821,10.187061844259013
,,,8.216432865731463,10.072890257464403
,,,8.256513026052104,9.922884927897362
,,,8.296593186372744,9.737722491166693
,,,8.336673346693386,9.51820359261708
,,,8.376753507014028,9.26524953204122
,,,8.41683366733467,8.979898486743458
,,,8.45691382765531,8.663301328160752
,,,8.496993987975952,8.316717048652299
,,,8.537074148296593,7.941507816409374
,,,8.577154308617233,7.539133677707747
,,,8.617234468937875,7.111146926921195
,,,8.657314629258517,6.659186165833888
,,,8.697394789579159,6.184970074825029
,,,8.737474949899799,5.690290919451456
,,,8.77755511022044,5.17700781681659
,,,8.817635270541082,4.647039786886345
,,,8.857715430861724,4.1023586145906465
,,,8.897795591182364,3.5449815491325953
,,,8.937875751503006,2.976963867412562
,,,8.977955911823647,2.4003913288611183
,,,9.018036072144287,1.8173725492620583
,,,9.05811623246493,1.230031321332769
,,,9.098196392785571,0.6404989099162166
,,,9.138276553106213,0.050906349622657034
,,,9.178356713426853,-0.5366232273544703
,,,9.218436873747494,-1.1199822057389137
,,,9.258517034068136,-1.6970860167908215
,,,9.298597194388778,-2.265880556257266
,,,9.338677354709418,-2.8243494643698233
,,,9.37875751503006,-3.370521242202476
,,,9.418837675350701,-3.902476179389866
,,,9.458917835671341,-4.418353068980265
,,,9.498997995991983,-4.916355686057153
,,,9.539078156312625,-5.394759007701481
,,,9.579158316633267,-5.851915152885088
,,,9.619238476953907,-6.286259021974467
,,,9.659318637274549,-6.696313616683869
,,,9.69939879759519,-7.08069502253978
,,,9.739478957915832,-7.438117037202578
,,,9.779559118236472,-7.7673954293302865
,,,9.819639278557114,-8.067451814056561
,,,9.859719438877756,-8.337317132590021
,,,9.899799599198396,-8.576134724914324
,,,9.939879759519037,-8.78316298607552
,,,9.97995991983968,-8.957777598078753
,,,10.02004008016032,-9.099473330975197
,,,10.06012024048096,-9.207865408295406
,,,10.100200400801603,-9.282690433572323
,,,10.140280561122244,-9.323806876290348
,,,10.180360721442886,-9.33119511718905
,,,10.220440881763526,-9.304957054437288
,,,10.260521042084168,-9.24531527376885
,,,10.30060120240481,-9.152611787228786
,,,10.34068136272545,-9.027306346715383
,,,10.380761523046091,-8.869974340009975
,,,10.420841683366733,-8.681304278460987
,,,10.460921843687375,-8.462094886923747
,,,10.501002004008015,-8.213251807949584
,,,10.541082164328657,-7.93578393356072
,,,10.581162324649299,-7.630799379237877
,,,10.62124248496994,-7.29950111597996
,,,10.66132264529058,-6.94318227746535
,,,10.701402805611222,-6.563221160450501
,,,10.741482965931864,-6.161075937575854
,,,10.781563126252504,-5.738279102711953
,,,10.821643286573146,-5.296431669865094
,,,10.861723446893787,-4.837197147469177
,,,10.901803607214429,-4.362295310615434
,,,10.941883767535069,-3.8734957944141195
,,,10.98196392785571,-3.372611532237218
,,,11.022044088176353,-2.8614920630600844
,,,11.062124248496994,-2.342016732497778
,,,11.102204408817634,-1.8160878124224888
,,,11.142284569138276,-1.2856235642450482
,,,11.182364729458918,-0.7525512710525921
,,,11.222444889779558,-0.21880026380896683
,,,11.2625250501002,0.31370503324916116
,,,11.302605210420841,0.8430520130523923
,,,11.342685370741483,1.367346727261821
,,,11.382765531062123,1.8847206345833916
,,,11.422845691382765,2.393337231890862
,,,11.462925851703407,2.8913985447271604
,,,11.503006012024048,3.3771514543506047
,,,11.543086172344688,3.8488938391670704
,,,11.58316633266533,4.304980509142191
,,,11.623246492985972,4.743828912614833
,,,11.663326653306612,5.163924595830957
,,,11.703406813627254,5.5638263964821455
,,,11.743486973947896,5.942171353561949
,,,11.783567134268537,6.297679316942782
,,,11.823647294589177,6.629157241219619
,,,11.863727454909819,6.935503149563133
,,,11.90380761523046,7.215709754566847
,,,11.943887775551103,7.468867724358136
,,,11.983967935871743,7.694168583564335
,,,12.024048096192384,7.890907240079784
,,,12.064128256513026,8.058484129961599
,,,12.104208416833666,8.196406974186125
,,,12.144288577154308,8.304292142419312
,,,12.18436873747495,8.38186562038782
,,,12.224448897795591,8.428963578878049
,,,12.264529058116231,8.445532543831968
,,,12.304609218436873,8.431629168447156
,,,12.344689378757515,8.387419609617883
,,,12.384769539078157,8.313178512469923
,,,12.424849699398797,8.20928760813846
,,,12.464929859719438,8.076233931311481
,,,12.50501002004008,7.914607665405333
,,,12.54509018036072,7.725099624549736
,,,12.585170340681362,7.508498382832434
,,,12.625250501002004,7.265687062483989
,,,12.665330661322646,6.997639793866528
,,,12.705410821643286,6.705417861263198
,,,12.745490981963927,6.390165549542839
,,,12.785571142284569,6.053105707794381
,,,12.825651302605209,5.695535046982636
,,,12.86573146292585,5.31881918957039
,,,12.905811623246493,4.924387489876415
,,,12.945891783567134,4.513727644692363
,,,12.985971943887774,4.088380114363394
,,,13.026052104208416,3.649932375141614
,,,13.066132264529058,3.200013024150927
,,,13.1062124248497,2.740285758750114
,,,13.14629258517034,2.2724432524510942
,,,13.186372745490981,1.798200949836733
,,,13.226452905811623,1.3192908031294195
,,,13.266533066132263,0.837454973184475
,,,13.306613226452905,0.35443951772454774
,,,13.346693386773547,-0.1280119104097953
,,,13.386773547094188,-0.6081643323418916
,,,13.426853707414828,-1.0842976571241827
,,,13.46693386773547,-1.5547128184235082
,,,13.507014028056112,-2.0177378121241296
,,,13.547094188376754,-2.4717336134875527
,,,13.587174348697394,-2.9150999530220583
,,,13.627254509018035,-3.3462809308038093
,,,13.667334669338677,-3.763770449649524
,,,13.707414829659317,-4.166117448268537
,,,13.747494989979959,-4.55193091631342
,,,13.7875751503006,-4.9198846741025495
,,,13.827655310621243,-5.268721900701799
,,,13.867735470941883,-5.597259395019399
,,,13.907815631262524,-5.90439155558927
,,,13.947895791583166,-6.189094065784234
,,,13.987975951903808,-6.450427272312773
,,,14.028056112224448,-6.6875392460029275
,,,14.06813627254509,-6.899668515063183
,,,14.108216432865731,-7.086146462226515
,,,14.148296593186371,-7.246399378427189
,,,14.188376753507013,-7.379950166924235
,,,14.228456913827655,-7.486419693067327
,,,14.268537074148297,-7.565527776195408
,,,14.308617234468937,-7.617093821459715
,,,14.348697394789578,-7.641037090668364
,,,14.38877755511022,-7.637376612552366
,,,14.428857715430862,-7.606230734150069
,,,14.468937875751502,-7.547816316292555
,,,14.509018036072144,-7.4624475774426715
,,,14.549098196392785,-7.350534591390416
,,,14.589178356713425,-7.212581445532574
,,,14.629258517034067,-7.049184067661122
,,,14.669338677354709,-6.861027730348389
,,,14.70941883767535,-6.6488842431427955
,,,14.74949899799599,-6.413608843874806
,,,14.789579158316633,-6.1561368014122655
,,,14.829659318637274,-5.877479743197142
,,,14.869739478957916,-5.5787217218349685
,,,14.909819639278556,-5.261015035894212
,,,14.949899799599198,-4.9255758208995175
,,,14.98997995991984,-4.57367942726984
,,,15.03006012024048,-4.206655602655186
,,,15.070140280561121,-3.8258834967638813
,,,15.110220440881763,-3.4327865073427155
,,,15.150300601202405,-3.0288269864722484
,,,15.190380761523045,-2.6155008267708433
,,,15.230460921843687,-2.1943319474572744
,,,15.270541082164328,-1.766866700507803
,,,15.31062124248497,-1.334668217352872
,,,15.35070140280561,-0.8993107166958058
,,,15.390781563126252,-0.46237379409675894
,,,15.430861723446894,-0.02543671395287941
,,,15.470941883767534,0.40992727558248593
,,,15.511022044088175,0.8421565843588454
,,,15.551102204408817,1.2697068585168019
,,,15.591182364729459,1.6910564754625963
,,,15.631262525050099,2.1047119360602236
,,,15.67134268537074,2.509213135018251
,,,15.711422845691382,2.9031384909579203
,,,15.751503006012024,3.285109918226321
,,,15.791583166332664,3.6537976231555023
,,,15.831663326653306,4.007924708167097
,,,15.871743486973948,4.34627156787653
,,,15.911823647294588,4.667680062160965
,,,15.95190380761523,4.97105745201483
,,,15.991983967935871,5.255380084924976
,,,16.03206412825651,5.519696817450556
,,,16.072144288577153,5.763132163684862
,,,16.112224448897795,5.984889159307578
,,,16.152304609218437,6.1842519319981255
,,,16.19238476953908,6.360587970074163
,,,16.23246492985972,6.513350082336147
,,,16.27254509018036,6.6420780432378965
,,,16.312625250501,6.746399918658403
,,,16.352705410821642,6.826033068717953
,,,16.392785571142284,6.880784825258515
,,,16.432865731462925,6.910552842788294
,,,16.472945891783567,6.915325122870996
,,,16.51302605210421,6.895179713116102
,,,16.55310621242485,6.850284083093696
,,,16.59318637274549,6.78089418065187
,,,16.63326653306613,6.687353173252088
,,,16.673346693386772,6.570089880054683
,,,16.713426853707414,6.429616901578013
,,,16.753507014028056,6.266528454817986
,,,16.793587174348698,6.081497922745003
,,,16.83366733466934,5.875275128089883
,,,16.873747494989978,5.648683342285206
,,,16.91382765531062,5.402616041340896
,,,16.95390781563126,5.138033421299048
,,,16.993987975951903,4.855958686730353
,,,17.034068136272545,4.557474126500887
,,,17.074148296593187,4.2437169917490865
,,,17.11422845691383,3.915875191668554
,,,17.154308617234467,3.5751828232886886
,,,17.19438877755511,3.2229155519809343
,,,17.23446893787575,2.860385859893057
,,,17.274549098196392,2.4889381799224357
,,,17.314629258517034,2.1099439331857974
,,,17.354709418837675,1.7247964882210864
,,,17.394789579158317,1.3349060603695646
,,,17.43486973947896,0.9416945699318469
,,,17.474949899799597,0.5465904777683724
,,,17.51503006012024,0.1510236170253958
,,,17.55511022044088,-0.2435799603891589
,,,17.595190380761522,-0.6358031040811559
,,,17.635270541082164,-1.024242633886798
,,,17.675350701402806,-1.4075143389764169
,,,17.715430861723448,-1.7842578896107457
,,,17.755511022044086,-2.1531416441971643
,,,17.795591182364728,-2.5128673347361903
,,,17.83567134268537,-2.8621746142510864
,,,17.87575150300601,-3.199845450353048
,,,17.915831663326653,-3.524708349708057
,,,17.955911823647295,-3.835642398839473
,,,17.995991983967937,-4.1315811074163244
,,,18.036072144288575,-4.411516040941634
,,,18.076152304609217,-4.6745002305634085
,,,18.11623246492986,-4.919651348579412
,,,18.1563126252505,-5.146154639095316
,,,18.196392785571142,-5.353265594216307
,,,18.236472945891784,-5.54031236710589
,,,18.276553106212425,-5.706697914225907
,,,18.316633266533067,-5.851901860075934
,,,18.356713426853705,-5.975482078775352
,,,18.396793587174347,-6.077075987872045
,,,18.43687374749499,-6.156401550815503
,,,18.47695390781563,-6.2132579855949714
,,,18.517034068136272,-6.2475261781104106
,,,18.557114228456914,-6.259168799912855
,,,18.597194388777556,-6.248230131016566
,,,18.637274549098194,-6.214835589544595
,,,18.677354709418836,-6.1591909710182255
,,,18.717434869739478,-6.081581401135632
,,,18.75751503006012,-5.982370006901906
,,,18.79759519038076,-5.861996311968267
,,,18.837675350701403,-5.720974363009054
,,,18.877755511022045,-5.559890594907322
,,,18.917835671342683,-5.379401443430913
,,,18.957915831663325,-5.180230714956757
,,,18.997995991983966,-4.963166723639957
,,,19.03807615230461,-4.72905920722127
,,,19.07815631262525,-4.478816033421649
,,,19.118236472945892,-4.213399709580647
,,,19.158316633266534,-3.933823708855706
,,,19.198396793587175,-3.6411486269094375
,,,19.238476953907814,-3.3364781835687802
,,,19.278557114228455,-3.0209550844432127
,,,19.318637274549097,-2.695756757936796
,,,19.35871743486974,-2.362090983477489
,,,19.39879759519038,-2.0211914271198577
,,,19.438877755511022,-1.67431310094848
,,,19.478957915831664,-1.3227277629213887
,,,19.519038076152302,-0.9677192739439667
,,,19.559118236472944,-0.6105789290534259
,,,19.599198396793586,-0.25260077962380856
,,,19.639278557114228,0.10492303653210523
,,,19.67935871743487,0.4607069403790043
,,,19.71943887775551,0.813476515561646
,,,19.759519038076153,1.1619730545746898
,,,19.79959919839679,1.504958031050304
,,,19.839679358717433,1.8412174823423495
,,,19.879759519038075,2.169566286968228
,,,19.919839679358716,2.488852321908309
,,,19.95991983967936,2.797960485251162
,,,20.0,3.095816570213807
